"tr","lambda.env","alpha.env","lambda.sp","alpha.sp","lr","hidden.ind","drop","acti.sp","lambda.bio","alpha.bio","AUC.train_mean","ll.train_mean","nagel.train_mean","plr.train_mean","diff.train_mean","cor.train_mean","auc.lt5.train_mean","AUC.test_mean","ll.test_mean","nagel.test_mean","plr.test_mean","diff.test_mean","cor.test_mean","auc.lt5.test_mean"
570,1,1,0.75,0.75,0.002,1,0.1,"relu",0.1,0.2,0.89260602236304,-17.7582908829952,0.459863018637983,5.91790986857201,0.284927033138531,0.567557442894761,0,0.673541031739999,-8.26238181485544,-0.493023501673361,2.22938588598195,0.0938546386024832,0.212574791189075,37.8
104,0.8,0,0.5,1,0.001,2,0.2,"relu",0,0.8,0.788966331534964,-23.7303758319464,0.209068955087636,1.93871980096553,0.101798669511142,0.360934783194294,1,0.622563374641204,-7.08687426367387,3.08966048835624e-07,1.33557672313765,0.0397691937974006,0.152625437890005,55
223,0,0.4,0.75,0,0.002,1,0.1,"relu",0.5,0.5,0.90524080337067,-17.0783313831983,0.487543885856135,6.33906946512155,0.298523147535136,0.596974285280262,0,0.65380944371672,-8.96340847374078,-0.769699620172775,10.9033214924875,0.0861964853396037,0.19237582641801,42.6
477,0.6,0.8,0.25,0.5,0.001,2,0.2,"relu",0,0.1,0.756864993205185,-24.3484730120009,0.177812999438782,1.75189654778262,0.0822701722720135,0.317043878500294,3.8,0.590351061137229,-7.38275888564121,-0.0832833299193875,1.21343323994489,0.0295799113538042,0.112551355600404,60.8
373,0.4,1,0.25,0,0.002,1,0.2,"relu",0.5,0.5,0.880147392033219,-19.1026483952556,0.406350483502186,4.23157479254316,0.22915528835533,0.528555068278526,0,0.669492187009262,-7.63468002679936,-0.234308455065256,1.98019094251907,0.0857788091374172,0.217318463004545,38.8
82,0.2,1,0.5,0.75,0.002,2,0.2,"relu",0.8,0,0.846429764166998,-20.8011206301997,0.332416835204406,3.10356142999456,0.176638543232672,0.459976993345313,0.2,0.668672751554949,-7.3578289662415,-0.118120366245765,1.82528439074847,0.0743168494210032,0.213681930827887,33.8
