"tr","lambda.env","alpha.env","lambda.sp","alpha.sp","lr","hidden.ind","drop","acti.sp","lambda.bio","alpha.bio","AUC.train_mean","ll.train_mean","nagel.train_mean","plr.train_mean","diff.train_mean","cor.train_mean","auc.lt5.train_mean","AUC.test_mean","ll.test_mean","nagel.test_mean","plr.test_mean","diff.test_mean","cor.test_mean","auc.lt5.test_mean"
969,0.8,0,0.25,0.5,0.002,1,0.2,"relu",0.7,0.5,0.860999369113842,-22.1970181785685,0.380319482057214,3.42342844436957,0.215805123453695,0.506771032595668,0,0.663974423761537,-8.10626981693798,-0.0844732038079454,1.93851614392302,0.0776616031074053,0.21149035614314,33.4
484,1,1,0.75,1,0.001,2,0.2,"relu",1,0.8,0.829796915930646,-24.4528002412558,0.292404483708041,2.40922696306434,0.152354150435182,0.44824290958044,0,0.639190014822668,-7.91468789799121,-0.00651800493637491,1.46843735989007,0.055746113550669,0.182163293906116,40.8
893,0.2,0,0.5,1,0.001,2,0.2,"relu",0.5,0.2,0.82335932368845,-24.7965319412998,0.27925444448421,2.33495388321073,0.142948389868507,0.440469366387398,0,0.626103212873238,-7.95117890936051,-0.00596906139487782,1.45499146902142,0.0499029820045215,0.171629970416531,46.8
863,0.6,0,0.25,0.75,0.002,1,0.1,"relu",0.9,1,0.887857113573145,-20.1331578259739,0.455353317834944,4.67450519317929,0.279956753760343,0.56844774713631,0,0.646247078544371,-9.40810870515537,-0.488235562760066,6.42340937710138,0.0812755742155225,0.193151119256169,39.4
232,0.2,0.4,0.5,0,0.001,2,0.2,"relu",0,0.8,0.761787802546089,-27.202135845229,0.184459547642303,1.71617177505483,0.0875549575143909,0.335981880863905,1.4,0.592384116645507,-8.06555706829436,-0.0189675259649246,1.2166906414987,0.0293091003598331,0.118775717686334,56.4
395,0.8,0.2,0.5,0,0.002,2,0.1,"relu",0.1,0.3,0.875760900760612,-21.0083475237215,0.424723243344754,4.0929116860466,0.256923609160403,0.540564975556568,0,0.660993600513576,-8.77264355558654,-0.259483678751353,2.23744403042655,0.0884194900013092,0.214203097251551,34.6
343,0,0.8,0.5,0,0.002,1,0.2,"relu",0.1,0.4,0.883305410238226,-20.9014948942633,0.428492112407133,3.93906540804765,0.244914318094079,0.551669549038385,0,0.659100209392817,-8.41534426769991,-0.17395873159917,1.96396483705537,0.079677994117561,0.210717210182735,33
