"tr","lambda.env","alpha.env","lambda.sp","alpha.sp","lr","hidden.ind","drop","acti.sp","lambda.bio","alpha.bio","AUC.train_mean","ll.train_mean","nagel.train_mean","plr.train_mean","diff.train_mean","cor.train_mean","auc.lt5.train_mean","AUC.test_mean","ll.test_mean","nagel.test_mean","plr.test_mean","diff.test_mean","cor.test_mean","auc.lt5.test_mean"
286,0.6,0.4,0.5,0.5,0.001,1,0.1,"relu",0.2,0.4,0.88824117164936,-26.7836074674089,0.526744274034526,3.12698455499406,0.371675744679097,0.650706925004573,0,0.665978014301224,-12.4004522828964,-0.396801206138959,1.67432141658344,0.130531259294528,0.251822453876851,6.4
57,0.8,0.6,1,1,0.001,2,0.2,"relu",0.6,0,0.840632411185704,-32.1541191555989,0.385323428919181,2.07059037602142,0.243657287870913,0.558735668686148,0,0.638588679424677,-11.0057874971394,0.00817696164446502,1.38041710368791,0.0896488392107038,0.219092917992503,10.6
57,0.8,0.6,1,1,0.001,2,0.2,"relu",0.6,0,0.840632411185704,-32.1541191555989,0.385323428919181,2.07059037602142,0.243657287870913,0.558735668686148,0,0.638588679424677,-11.0057874971394,0.00817696164446502,1.38041710368791,0.0896488392107038,0.219092917992503,10.6
638,0.2,1,0.75,1,0.002,1,0.1,"relu",0.7,1,0.893388405941978,-26.0391039080981,0.544022173204128,3.37954767766065,0.389136508239878,0.664088165404158,0,0.641798956939622,-12.6537484453073,-0.377303290709032,1.94118572586002,0.119536765908893,0.223784305406844,9.4
789,0.4,0.6,0.75,0.75,0.001,2,0.2,"relu",0,0.7,0.777967529568736,-36.5289994015032,0.260470622936996,1.57737404864017,0.151120012070478,0.449334987964232,0,0.577572250122868,-11.6171943347661,-0.0762868039784751,1.15039942715238,0.0371835015165727,0.126793673040405,16
15,0.4,0,1,0.5,0.001,1,0.2,"relu",1,0.2,0.861660989990551,-29.9210156306903,0.446990769781811,2.48858051807892,0.295925390672271,0.599225219279885,0,0.665623462944968,-11.1340390434459,-0.0291868904243772,1.54237338616627,0.117339406069577,0.263136937483829,8.2
286,0.6,0.4,0.5,0.5,0.001,1,0.1,"relu",0.2,0.4,0.88824117164936,-26.7836074674089,0.526744274034526,3.12698455499406,0.371675744679097,0.650706925004573,0,0.665978014301224,-12.4004522828964,-0.396801206138959,1.67432141658344,0.130531259294528,0.251822453876851,6.4
