"tr","lambda.env","alpha.env","lambda.sp","alpha.sp","lr","hidden.ind","drop","acti.sp","lambda.bio","alpha.bio","AUC.train_mean","ll.train_mean","nagel.train_mean","plr.train_mean","diff.train_mean","cor.train_mean","auc.lt5.train_mean","AUC.test_mean","ll.test_mean","nagel.test_mean","plr.test_mean","diff.test_mean","cor.test_mean","auc.lt5.test_mean"
560,0.2,0.8,0.25,0.5,0.001,1,0.1,"relu",0.6,0.2,0.913358903590134,-16.8981081718623,0.50373706745507,6.64330706890735,0.308350055541635,0.615089946370651,0,0.672516860924683,-8.90172911388079,-0.697554549681019,2.95726801466746,0.0992727653160804,0.220530078764244,15.4
665,0.6,0,0.75,0.25,0.001,2,0.2,"relu",0,0.6,0.804342659634686,-23.2196672040442,0.253618156162497,2.35604688809362,0.121016212778217,0.395425004444686,0,0.625064199072815,-7.38057948800699,-0.0571529611353227,1.45831203433058,0.0510526763773649,0.166375337950922,22.2
38,1,0.4,0.5,0.5,0.001,2,0.2,"relu",0,0.5,0.809914660273785,-23.2557632772905,0.254348377789356,2.28053417566111,0.120174380846978,0.400787262897393,0.2,0.637654434001984,-7.40797950198269,-0.0530737527606694,1.41941481590192,0.0491637042199529,0.173635340815043,18.2
759,1,0.8,1,0.25,0.002,1,0.1,"relu",0.3,0.3,0.927995916120627,-15.4183228091803,0.557483551690628,8.40266541510729,0.363099989595928,0.658777915693927,0,0.635398430646459,-10.5946212272351,-1.42470019195601,31.7900744443021,0.0951033852744358,0.187245096174865,21.4
477,0.6,0.8,0.25,0.5,0.001,2,0.2,"relu",0,0.1,0.802134197015117,-23.4511324059147,0.244942794977655,2.19811406136236,0.113783488656916,0.385570147274125,0.2,0.611032464770564,-7.69996290090378,-0.125797666222329,1.41370693049195,0.0420720549928044,0.143800437711942,22
436,0.6,0,1,1,0.002,1,0.1,"relu",0.3,0.9,0.92311429969643,-15.9093822052991,0.541047973330753,7.99367632255179,0.345453722270567,0.645735837385776,0,0.665012147277834,-9.57362530858176,-1.06766013410705,3.64448783892308,0.108799698083717,0.221582015468895,15.4
272,0.6,0.6,0.5,0.75,0.002,1,0.2,"relu",0.8,0.9,0.89956006072324,-18.0122188821654,0.463822893321511,5.41188100043304,0.271120129361679,0.577219542419151,0,0.665022704497913,-8.76069331529776,-0.592271356481538,1.96661360102453,0.0897515311256561,0.201244812734293,14
